ID,Name,Category,Reference,Guideline,Context
MA.REL.1,Use circuit breaker patterns to stop repeated failing operations,Reliability,https://learn.microsoft.com/en-us/azure/well-architected/sustainability/sustainability-reliability-recommendations#prevent-failure-amplification,"Apply circuit breaker patterns to halt repeated failing operations, preventing unnecessary compute consumption during dependency failures.",Azure's own illustration of the waste this prevents: a temporary database outage where application instances keep retrying the failed call while queues grow behind it — the workload can end up consuming far more resources during that recovery period than it did during normal operation.
MA.REL.2,Implement request throttling during overload conditions,Reliability,https://learn.microsoft.com/en-us/azure/well-architected/sustainability/sustainability-reliability-recommendations#prevent-failure-amplification,Throttle requests during overload conditions to reduce cascading traffic amplification and backend stress.,"This is framed as the second line of defense in Azure's failure-amplification scenario: once a circuit breaker stops the retries against a failing dependency, throttling is what keeps the surviving traffic from itself cascading into a backend overload."
MA.REL.3,Use graceful degradation patterns where possible,Reliability,https://learn.microsoft.com/en-us/azure/well-architected/sustainability/sustainability-reliability-recommendations#prevent-failure-amplification,Apply graceful degradation so the system maintains partial functionality without triggering excessive recovery behavior.,"The alternative Azure contrasts this with is a system that either works fully or fails completely — graceful degradation sits in between, keeping partial functionality running rather than triggering the kind of full recovery cycle that consumes disproportionate resources for a partial outage."
MA.REL.4,Detect failure patterns early with monitoring and alerting,Reliability,https://learn.microsoft.com/en-us/azure/well-architected/sustainability/sustainability-reliability-recommendations#prevent-failure-amplification,Detect failure patterns early through monitoring and alerting to reduce prolonged inefficient operation and speed recovery.,"The framing here is about duration, not just detection: catching a failure pattern early is what keeps a workload from sitting in an inefficient, resource-churning state for longer than necessary while nobody notices."
MA.REL.5,Design workloads to isolate dependency failures,Reliability,https://learn.microsoft.com/en-us/azure/well-architected/sustainability/sustainability-reliability-recommendations#prevent-failure-amplification,"Design workloads so dependency failures are isolated, preventing localized issues from propagating across the system.","This is the structural guideline for preventing the failure-amplification pattern described elsewhere in this source in the first place: if one dependency's failure can't propagate, none of the retry storms, queue buildup, or cascading recovery activity described there has a path to occur."
MA.REL.6,Align resiliency architecture to defined business continuity requirements,Reliability,https://learn.microsoft.com/en-us/azure/well-architected/sustainability/sustainability-reliability-recommendations#design-resiliency-intentionally,Align resiliency architecture with actual business continuity requirements to avoid unnecessary always-on infrastructure and idle redundancy.,"Azure's specific anti-pattern example: deploying active-active infrastructure across multiple regions for a workload with only modest recovery requirements, which permanently doubles compute and replication overhead even though failover events are rare."
MA.REL.7,Evaluate whether multi-region deployments are truly required,Reliability,https://learn.microsoft.com/en-us/azure/well-architected/sustainability/sustainability-reliability-recommendations#design-resiliency-intentionally,"Evaluate whether multi-region deployments are truly necessary, since unneeded ones add continuous replication traffic and duplicated infrastructure.","This is a direct extension of the active-active example given elsewhere in this source — questioning whether the second region is actually required before committing to it, rather than defaulting to multi-region because it's the more resilient-sounding choice."
MA.REL.8,Assess monolith versus microservice tradeoffs carefully,Reliability,https://learn.microsoft.com/en-us/azure/well-architected/sustainability/sustainability-reliability-recommendations#design-resiliency-intentionally,Carefully weigh monolith versus microservice tradeoffs to avoid unnecessary service-to-service traffic and platform duplication.,"Azure frames this specifically as a sustainability tradeoff, not just an architectural preference: microservice decomposition that isn't matched by real scaling or isolation needs adds service-to-service network traffic and platform duplication that a monolith wouldn't carry."
MA.REL.9,Right-size failover environments instead of mirroring peak production scale,Reliability,https://learn.microsoft.com/en-us/azure/well-architected/sustainability/sustainability-reliability-recommendations#design-resiliency-intentionally,"Right-size failover environments rather than mirroring peak production scale, minimizing standby infrastructure while still meeting recovery objectives.","The contrast Azure draws: a failover environment mirrored at full peak-production scale sits mostly idle except during the rare actual failover, so right-sizing it to what's actually needed to meet recovery objectives — not a 1:1 mirror — is what removes that standing waste."
MA.REL.10,"Regularly review backup, replication, and retention strategies",Reliability,https://learn.microsoft.com/en-us/azure/well-architected/sustainability/sustainability-reliability-recommendations#design-resiliency-intentionally,"Regularly review backup, replication, and retention strategies to reduce excessive data duplication and long-term storage growth.","This is meant as a recurring practice, not a one-time setup decision: backup, replication, and retention settings tend to be configured once early on and then left unexamined even as the workload's actual recovery needs and data volume change over time."
MA.REL.11,Use asynchronous processing for burst-prone operations,Reliability,https://learn.microsoft.com/en-us/azure/well-architected/sustainability/sustainability-reliability-recommendations#stabilize-demand-to-reduce-waste,Use asynchronous processing for burst-prone operations to smooth workload demand and reduce short-lived scale spikes.,"Azure's concrete illustration is a video processing platform with upload spikes at specific hours — without workload shaping, it scales up rapidly to absorb the burst and then sits substantially idle once demand subsides, which async processing and queuing are meant to smooth out."
MA.REL.12,Implement buffering and queue-based workload management,Reliability,https://learn.microsoft.com/en-us/azure/well-architected/sustainability/sustainability-reliability-recommendations#stabilize-demand-to-reduce-waste,Implement buffering and queue-based workload management to stabilize infrastructure utilization over time.,This is the specific mechanism behind the video-processing example elsewhere in this source: queue-based buffering lets uploads get processed more steadily over time rather than provisioning enough capacity to absorb the peak the moment it arrives.
MA.REL.13,Batch non-urgent operations where appropriate,Reliability,https://learn.microsoft.com/en-us/azure/well-architected/sustainability/sustainability-reliability-recommendations#stabilize-demand-to-reduce-waste,Batch non-urgent operations where appropriate to improve compute efficiency by cutting repeated processing overhead.,"Distinct from buffering incoming requests (a related guideline): this is about deliberately grouping already-accepted, non-urgent work into batches, since processing many small operations individually carries more repeated overhead than processing the same total work in fewer, larger passes."
MA.REL.14,Tune autoscaling policies to avoid aggressive short-term scaling reactions,Reliability,https://learn.microsoft.com/en-us/azure/well-architected/sustainability/sustainability-reliability-recommendations#stabilize-demand-to-reduce-waste,Tune autoscaling policies to avoid aggressive short-term scaling reactions that expand infrastructure unnecessarily during temporary spikes.,"Azure names this specifically as a tradeoff to manage carefully: autoscaling genuinely improves utilization, but a policy tuned to react too aggressively to short-term spikes can itself create unnecessary infrastructure churn — scaling up and back down repeatedly costs more than a smoother, better-tuned response would."
MA.REL.15,Evaluate managed PaaS and serverless services where appropriate,Reliability,https://learn.microsoft.com/en-us/azure/well-architected/sustainability/sustainability-reliability-recommendations#factor-in-sustainability-into-platform-choices,Evaluate managed PaaS and serverless services where appropriate to improve infrastructure utilization through shared platform efficiency and reduce operational overhead.,"The efficiency case Azure makes: managed PaaS and serverless platforms make better use of shared cloud infrastructure than self-managed dedicated resources, and they also benefit automatically from Microsoft's own ongoing platform-level efficiency improvements over time."
MA.REL.16,"Keep platform services, runtimes, and dependencies updated",Reliability,https://learn.microsoft.com/en-us/azure/well-architected/sustainability/sustainability-reliability-recommendations#factor-in-sustainability-into-platform-choices,"Keep platform services, runtimes, and dependencies up to date to benefit from ongoing platform efficiency and reliability improvements.","This compounds with the PaaS/serverless guideline elsewhere in this source: staying current is specifically what lets a workload keep benefiting from Microsoft's ongoing platform efficiency improvements, rather than being stuck running against an older, less efficient version of the underlying service."
MA.REL.17,Match service tiers and scalability models to actual workload demand,Reliability,https://learn.microsoft.com/en-us/azure/well-architected/sustainability/sustainability-reliability-recommendations#factor-in-sustainability-into-platform-choices,Match service tiers and scalability models to actual workload demand to prevent overprovisioning and idle infrastructure.,Azure frames oversized or underused service tiers as a source of overprovisioning that persists quietly — a tier chosen once at launch based on anticipated demand often stays fixed long after actual usage patterns would justify something smaller.
MA.REL.18,"Remove zombie workloads, orphaned resources, and inactive environments regularly",Reliability,https://learn.microsoft.com/en-us/azure/well-architected/sustainability/sustainability-reliability-recommendations#factor-in-sustainability-into-platform-choices,"Regularly remove zombie workloads, orphaned resources, and inactive environments that consume resources without delivering business value.","Azure's specific framing: these are resources that continue consuming energy and cost without delivering any business value at all — not underused, but genuinely abandoned — which is why removing them is treated as close to a pure win with minimal tradeoff."
MA.REL.19,Shut down non-production environments when not in use,Reliability,https://learn.microsoft.com/en-us/azure/well-architected/sustainability/sustainability-reliability-recommendations#factor-in-sustainability-into-platform-choices,Shut down non-production environments when they're not in use to reduce unnecessary compute consumption and idle platform capacity.,"This targets a specific, common blind spot: non-production environments that were sized like production for convenience and then left running around the clock, even though their actual usage is concentrated in working hours."
MA.REL.20,Avoid dedicated infrastructure allocations unless workload requirements justify them,Reliability,https://learn.microsoft.com/en-us/azure/well-architected/sustainability/sustainability-reliability-recommendations#factor-in-sustainability-into-platform-choices,"Avoid dedicated infrastructure allocations unless workload requirements truly justify them, maximizing use of shared hyperscale infrastructure.","Azure's framing is about maximizing use of shared hyperscale infrastructure specifically — dedicated, reserved capacity trades away the efficiency benefit of a shared platform's pooled utilization, so it's positioned as something that needs a genuine requirement behind it, not a default choice."
MA.REL.21,Tune autoscaling behavior to avoid aggressive short-term scaling reactions,Reliability,https://learn.microsoft.com/en-us/azure/well-architected/sustainability/sustainability-reliability-recommendations#factor-in-sustainability-into-platform-choices,"Tune autoscaling behavior to avoid aggressive short-term scaling reactions, stabilizing utilization and reducing unnecessary scale churn.","This guideline appears twice in Azure's own framework — once under demand stabilization and again here under platform choices — which is itself a signal of how central avoiding autoscaling churn is to the overall sustainability picture Azure is describing, not a redundant restatement by accident."
MA.REL.22,Use Spot VMs only for interrupt-tolerant workloads,Reliability,https://learn.microsoft.com/en-us/azure/well-architected/sustainability/sustainability-reliability-recommendations#factor-in-sustainability-into-platform-choices,Use Spot VMs only for interrupt-tolerant workloads to improve infrastructure utilization without introducing avoidable reliability instability.,"Azure's explicit tradeoff: Spot VMs improve infrastructure utilization by using otherwise-idle capacity, but that capacity can be reclaimed with little notice, so the guideline is specifically scoped to workloads that can tolerate an interruption without it becoming a reliability incident."
MA.REL.23,Choose regions close to users when latency affects workload reliability,Reliability,https://learn.microsoft.com/en-us/azure/well-architected/sustainability/sustainability-reliability-recommendations#factor-in-sustainability-into-platform-choices,"Choose regions close to users when latency affects workload reliability, reducing network traversal overhead and improving request stability.","Azure ties this specifically to reliability, not just performance: reduced network traversal doesn't just lower latency, it also reduces the surface area for transient network issues that could otherwise trigger retries and the failure-amplification pattern described elsewhere in this source."
MA.REL.24,"Evaluate carbon intensity, latency, and resiliency tradeoffs together when selecting deployment regions",Reliability,https://learn.microsoft.com/en-us/azure/well-architected/sustainability/sustainability-reliability-recommendations#factor-in-sustainability-into-platform-choices,"Weigh carbon intensity, latency, and resiliency together when selecting deployment regions to balance sustainability with reliability and user experience.","Azure names this as an explicit tradeoff rather than a simple optimization: a lower-carbon region might increase latency for users, so the recommendation is to weigh all three factors together deliberately rather than optimizing purely for carbon intensity in isolation."
MA.REL.25,"Use load testing and chaos engineering to assess how the workload behaves under outages, traffic spikes, and traffic dips",Reliability,https://learn.microsoft.com/en-us/azure/well-architected/sustainability/sustainability-reliability-recommendations#run-tests-that-provide-meaningful-resiliency-validation,"Use load testing and chaos engineering to see how the workload behaves under outages and traffic spikes or dips, improving resilience and reducing waste during real failures.","Azure frames these testing practices as valuable specifically because workloads behave differently under real-world stress than they do in normal operation — the point is exposing reliability issues before they reach production, not testing for its own sake."
MA.REL.26,Use chaos engineering to simulate conditions that increase energy usage and identify inefficient execution paths,Reliability,https://learn.microsoft.com/en-us/azure/well-architected/sustainability/sustainability-reliability-recommendations#run-tests-that-provide-meaningful-resiliency-validation,"Use chaos engineering to simulate conditions that raise energy usage, exposing inefficient execution paths and supporting resource optimization under stress.","This is a distinct use of chaos engineering from the general resiliency-testing guideline elsewhere in this source: here the simulated failure conditions are chosen specifically to surface which execution paths become energy-inefficient under stress, not just which ones break."
MA.REL.27,Define expected system behavior under constrained or inefficient operating conditions,Reliability,https://learn.microsoft.com/en-us/azure/well-architected/sustainability/sustainability-reliability-recommendations#run-tests-that-provide-meaningful-resiliency-validation,Define how the system should behave under stress or constrained conditions to ensure predictable recovery and avoid prolonged inefficient operating states.,"This is what turns chaos-engineering findings into an actual design decision: without a defined expected behavior for degraded conditions, a workload might recover unpredictably or linger in an inefficient operating state longer than necessary after a stress test reveals the weakness."
MA.REL.28,Consider implementing an eco version of the application that reduces features or performance to minimize energy usage,Reliability,https://learn.microsoft.com/en-us/azure/well-architected/sustainability/sustainability-reliability-recommendations#run-tests-that-provide-meaningful-resiliency-validation,"Consider building a reduced-feature ""eco version"" of the application as a benchmark for measuring and continuously optimizing energy usage.","Azure's specific suggestion is to use this reduced-feature version as a benchmark for sustainability scoring — not necessarily something you'd run in production, but a reference point that makes ""how much more efficient could this be"" a measurable question rather than a hypothetical one."
MA.REL.29,"Evaluate the tradeoff of running chaos engineering and load tests, since these activities themselves consume additional compute and increase emissions",Reliability,https://learn.microsoft.com/en-us/azure/well-architected/sustainability/sustainability-reliability-recommendations#run-tests-that-provide-meaningful-resiliency-validation,"Weigh the resource cost of chaos engineering and load testing against their benefits, since testing itself consumes compute and adds emissions.","Azure is explicit that this is a real cost, not a hypothetical one: chaos engineering and load testing consume compute and generate emissions just like any other workload, so the value of what a given test round reveals has to be weighed against that footprint."
MA.REL.30,Schedule and scope chaos engineering intentionally to balance resilience validation with the environmental cost of testing,Reliability,https://learn.microsoft.com/en-us/azure/well-architected/sustainability/sustainability-reliability-recommendations#run-tests-that-provide-meaningful-resiliency-validation,Schedule and scope chaos engineering intentionally to balance resilience validation against the environmental cost of running tests.,"This is the practical response to the testing-cost tradeoff named elsewhere in this source: rather than running continuous or excessive chaos testing, scope and schedule it deliberately so the resilience validation gained is proportionate to the environmental cost of running it."
MA.SEC.1,Block malicious traffic as early as possible by using edge or network-level controls,Security,https://learn.microsoft.com/en-us/azure/well-architected/sustainability/sustainability-security-recommendations#prevent-malicious-activity-from-driving-unnecessary-resource-consumption,Block malicious traffic as early as possible with edge or network-level controls to reduce compute and network usage from unwanted requests.,"Azure's concrete illustration: a DDoS attack forcing a system to process large volumes of unwanted requests can trigger autoscaling, higher network throughput, and excessive logging — even if the system stays available throughout, it can end up consuming far more resources than it would under normal operation."
MA.SEC.2,Use rate limiting and throttling to control excessive or abusive request patterns,Security,https://learn.microsoft.com/en-us/azure/well-architected/sustainability/sustainability-security-recommendations#prevent-malicious-activity-from-driving-unnecessary-resource-consumption,"Apply rate limiting and throttling to control abusive request patterns, preventing workload overload and unnecessary scaling events.","This complements blocking malicious traffic outright: rate limiting specifically targets patterns that are abusive or excessive without necessarily being identifiably malicious, which is what would otherwise slip past a pure block-list approach and still trigger unnecessary scaling."
MA.SEC.3,Apply identity-based access controls to restrict unauthorized usage,Security,https://learn.microsoft.com/en-us/azure/well-architected/sustainability/sustainability-security-recommendations#prevent-malicious-activity-from-driving-unnecessary-resource-consumption,Apply identity-based access controls to restrict unauthorized usage and reduce processing of invalid or malicious requests.,"This targets unauthorized rather than malicious traffic specifically — requests that are technically valid in form but shouldn't be allowed at all, which still cost compute to process and reject if they aren't stopped at the identity layer first."
MA.SEC.4,Design security layers to filter traffic early rather than at application level,Security,https://learn.microsoft.com/en-us/azure/well-architected/sustainability/sustainability-security-recommendations#prevent-malicious-activity-from-driving-unnecessary-resource-consumption,"Design security layers to filter traffic early rather than at the application level, minimizing downstream resource consumption.","Azure's explicit tradeoff on this whole section: security isn't free, and adding more inspection layers or routing hops can itself increase processing overhead — the point of filtering as early as possible is to stop unwanted work before it reaches the more expensive, deeper layers of the application."
MA.SEC.5,Avoid excessive overlapping security layers unless required,Security,https://learn.microsoft.com/en-us/azure/well-architected/sustainability/sustainability-security-recommendations#prevent-malicious-activity-from-driving-unnecessary-resource-consumption,"Avoid excessive overlapping security layers unless truly required, to reduce redundant processing and infrastructure overhead.","This is the direct counterpart to the tradeoff Azure names elsewhere in this source: if overdesigned, the security architecture itself becomes a source of extra resource consumption and complexity, so the goal is stopping malicious activity early without stacking redundant inspection on top of it."
MA.SEC.6,Harden networking components to reduce exposure and filter unwanted traffic early,Security,https://learn.microsoft.com/en-us/azure/well-architected/sustainability/sustainability-security-recommendations#security-hardening-improves-sustainability-by-reducing-workload-footprint,"Harden networking components to reduce exposure and filter unwanted traffic early, lowering network and compute usage from malicious requests.","Azure frames hardening broadly as inefficiency-reduction, not just risk-reduction: a weakly secured network component tends to attract scanning activity and abnormal traffic patterns that themselves consume resources, independent of whether an attack ever actually succeeds."
MA.SEC.7,Harden identity and access controls to ensure only legitimate usage patterns are allowed,Security,https://learn.microsoft.com/en-us/azure/well-architected/sustainability/sustainability-security-recommendations#security-hardening-improves-sustainability-by-reducing-workload-footprint,"Harden identity and access controls so only legitimate usage is allowed, reducing wasted processing from unauthorized activity.","The specific waste Azure calls out: unauthorized or abusive activity that a weak identity layer lets through still gets processed by the application, consuming resources for requests that should never have been accepted in the first place."
MA.SEC.8,Harden cloud resource configurations to eliminate weak points and misconfigurations,Security,https://learn.microsoft.com/en-us/azure/well-architected/sustainability/sustainability-security-recommendations#security-hardening-improves-sustainability-by-reducing-workload-footprint,"Harden cloud resource configurations to eliminate weak points and misconfigurations, preventing exploitation-driven workload spikes.","Azure's framing: misconfigurations don't just create risk, they actively invite exploitation attempts and scanning activity that generate real, measurable resource consumption even before (or absent) an actual successful compromise."
MA.SEC.9,Harden application and code assets to prevent vulnerabilities from being exploited,Security,https://learn.microsoft.com/en-us/azure/well-architected/sustainability/sustainability-security-recommendations#security-hardening-improves-sustainability-by-reducing-workload-footprint,Harden application and code assets to prevent exploited vulnerabilities from causing resource-heavy attack patterns and unstable execution.,This targets the specific case where an exploited vulnerability leads to resource-heavy attack patterns or unstable execution — hardening the code itself is what prevents the vulnerability from being usable as an entry point for that kind of resource abuse.
MA.SEC.10,Harden operational and management access paths to reduce administrative misuse or accidental impact,Security,https://learn.microsoft.com/en-us/azure/well-architected/sustainability/sustainability-security-recommendations#security-hardening-improves-sustainability-by-reducing-workload-footprint,"Harden operational and management access paths to reduce administrative misuse or accidental impact, improving stability and reducing unnecessary operational load.","This is about the administrative surface specifically, distinct from the application-facing hardening covered elsewhere in this source — misuse or accidental impact through operational access paths can trigger remediation workflows and instability that cost resources just like an external attack would."
MA.SEC.11,Filter logs before ingestion into SIEM systems,Security,https://learn.microsoft.com/en-us/azure/well-architected/sustainability/sustainability-security-recommendations#reduce-security-data-collection-and-processing-overhead,"Filter logs before they're ingested into SIEM systems to reduce unnecessary data processing, storage, and network transfer.",Azure's framing is that security monitoring itself can become a hidden source of waste: forwarding everything to a centralized SIEM without filtering at the source adds processing layers and results in large volumes of stored telemetry that may never actually get used.
MA.SEC.12,Collect only security signals required for detection and analysis,Security,https://learn.microsoft.com/en-us/azure/well-architected/sustainability/sustainability-security-recommendations#reduce-security-data-collection-and-processing-overhead,Collect only the security signals required for detection and analysis to minimize telemetry volume and avoid processing unused data.,"This is the principle behind filtering logs before SIEM ingestion (a related guideline): deciding what's actually needed for detection and analysis upfront, rather than collecting broadly and filtering downstream after the storage and processing cost is already paid."
MA.SEC.13,Use cloud-native data collection rules to control and refine telemetry intake,Security,https://learn.microsoft.com/en-us/azure/well-architected/sustainability/sustainability-security-recommendations#reduce-security-data-collection-and-processing-overhead,"Use cloud-native data collection rules to control and refine telemetry intake, preventing over-collection and continuous ingestion overhead.","Azure's concrete mechanism for controlling telemetry intake at the source, before it accumulates into the over-collection problem described elsewhere in this source, rather than relying on downstream filtering after data has already been ingested and stored."
MA.SEC.14,Avoid forwarding full raw datasets when aggregated or filtered signals are sufficient,Security,https://learn.microsoft.com/en-us/azure/well-architected/sustainability/sustainability-security-recommendations#reduce-security-data-collection-and-processing-overhead,"Avoid forwarding full raw datasets when aggregated or filtered signals suffice, reducing cross-system data movement and resource use.","The specific waste this avoids: moving a complete raw dataset across systems or regions when an aggregated or filtered version would answer the same security question, since that unnecessary data movement carries its own network and processing cost."
MA.SEC.15,"Design security monitoring pipelines with purpose, not full-fidelity collection by default",Security,https://learn.microsoft.com/en-us/azure/well-architected/sustainability/sustainability-security-recommendations#reduce-security-data-collection-and-processing-overhead,"Design security monitoring pipelines with a clear purpose rather than collecting full-fidelity data by default, lowering compute and storage demand while keeping required visibility.","This is the overarching principle the previous few guidelines in this source all implement: designing what a security monitoring pipeline collects around an actual detection purpose, rather than defaulting to full-fidelity collection and figuring out later what's actually needed."
MA.SEC.16,Apply security controls closer to the source of traffic instead of relying on centralized inspection paths,Security,https://learn.microsoft.com/en-us/azure/well-architected/sustainability/sustainability-security-recommendations#improve-centralized-network-security-efficiency,"Apply security controls closer to the traffic source instead of relying solely on centralized inspection paths, reducing unnecessary network traversal.","Azure's framing: centralized inspection increases the distance data has to travel and adds processing at intermediate points, so applying controls closer to where traffic originates avoids that added network traversal in the first place."
MA.SEC.17,Avoid hub-and-spoke routing for traffic that does not require centralized inspection,Security,https://learn.microsoft.com/en-us/azure/well-architected/sustainability/sustainability-security-recommendations#improve-centralized-network-security-efficiency,"Avoid hub-and-spoke routing for traffic that doesn't need centralized inspection, minimizing repeated data movement across network layers and regions.","This is the concrete architecture this section is arguing against by default: hub-and-spoke routing genuinely improves centralized visibility and control, but for traffic that doesn't actually need centralized inspection, it adds real network overhead without a matching security benefit."
MA.SEC.18,Use cloud-native security services that enable local analysis and enforcement,Security,https://learn.microsoft.com/en-us/azure/well-architected/sustainability/sustainability-security-recommendations#improve-centralized-network-security-efficiency,"Use cloud-native security services that enable local analysis and enforcement, reducing cross-system data transfer and improving network efficiency.",This is the practical alternative to hub-and-spoke routing named elsewhere in this source: services that can analyze and enforce policy locally avoid the cross-system data transfer that centralized inspection paths require.
MA.SEC.19,Design traffic flows to minimize intermediate hops introduced purely for security inspection,Security,https://learn.microsoft.com/en-us/azure/well-architected/sustainability/sustainability-security-recommendations#improve-centralized-network-security-efficiency,"Design traffic flows to minimize intermediate hops added purely for security inspection, lowering bandwidth use and overall infrastructure load.","Azure notes this compounds at scale: each additional hop added purely for security inspection increases bandwidth usage and processing load a little on its own, but as traffic volume grows, those small additions compound into meaningfully higher system-wide overhead."
MA.COST.1,"Track cost at the feature or workload level, not only at the infrastructure level",Cost Optimization,https://learn.microsoft.com/en-us/azure/well-architected/sustainability/sustainability-cost-optimization-recommendations#make-cost-visible-and-actionable,"Track cost at the feature or workload level, not just infrastructure, to make hidden inefficiencies easier to find and address.","Azure's framing: cost is typically tracked at the infrastructure level while waste actually gets introduced by feature, workflow, and product decisions — that mismatch is what makes real sources of inefficiency hard to find without this finer-grained tracking."
MA.COST.2,Use cost signals as one input to sustainability measurement,Cost Optimization,https://learn.microsoft.com/en-us/azure/well-architected/sustainability/sustainability-cost-optimization-recommendations#make-cost-visible-and-actionable,"Use cost signals as one input to sustainability measurement, creating a practical basis for tracking improvement over time.","Cost is positioned here as a practical proxy, not a perfect one: it's a signal that's already tracked everywhere and correlates with resource consumption, giving teams a usable starting point for sustainability measurement even before dedicated carbon tooling is in place."
MA.COST.3,Define explicit efficiency baselines for critical systems,Cost Optimization,https://learn.microsoft.com/en-us/azure/well-architected/sustainability/sustainability-cost-optimization-recommendations#make-cost-visible-and-actionable,Define explicit efficiency baselines for critical systems to help teams detect drift before wasteful patterns become normal.,The purpose Azure names specifically: a defined baseline is what lets a team notice drift — a system slowly becoming less efficient over time — before that gradual change gets normalized as just how the system behaves.
MA.COST.4,Treat observability spend as part of the optimization scope,Cost Optimization,https://learn.microsoft.com/en-us/azure/well-architected/sustainability/sustainability-cost-optimization-recommendations#make-cost-visible-and-actionable,Treat observability spend as part of the optimization scope to limit logging and telemetry growth that adds cost without enough value.,"Azure calls this out as a specific blind spot: logging, metrics, and tracing are valuable, but treated as free they can grow into their own significant source of ongoing compute, storage, and ingestion cost that nobody is actively managing."
MA.COST.5,Assign cost accountability at the workload level,Cost Optimization,https://learn.microsoft.com/en-us/azure/well-architected/sustainability/sustainability-cost-optimization-recommendations#make-cost-visible-and-actionable,Assign cost accountability at the workload level to encourage end-to-end optimization instead of isolated local fixes.,This is what closes the loop on tracking cost at the feature/workload level (a related guideline): visibility alone doesn't drive optimization if nobody is actually accountable for the number once it's visible.
MA.COST.6,Challenge local optimizations that shift cost elsewhere,Cost Optimization,https://learn.microsoft.com/en-us/azure/well-architected/sustainability/sustainability-cost-optimization-recommendations#make-cost-visible-and-actionable,"Challenge local optimizations that merely shift cost elsewhere, improving system-wide efficiency rather than moving waste between teams.","Azure's specific concern: without clear ownership boundaries, a team can genuinely improve their own component's metrics while simply moving the underlying inefficiency somewhere else in the workload rather than actually eliminating it."
MA.COST.7,"Reduce API chattiness, payload size, and unnecessary repeat calls",Cost Optimization,https://learn.microsoft.com/en-us/azure/well-architected/sustainability/sustainability-cost-optimization-recommendations#reduce-structural-waste-in-the-application-layer,"Reduce API chattiness, payload size, and unnecessary repeat calls to lower avoidable compute demand and network transfer.","Azure's illustrative anti-pattern: a system built around heavy microservice decomposition and chatty APIs that works fine initially, but where an increasing share of cost comes from inter-service communication and redundant data movement rather than the actual business logic as usage grows."
MA.COST.8,Prioritize algorithm and execution-path improvements in code that dominates runtime cost,Cost Optimization,https://learn.microsoft.com/en-us/azure/well-architected/sustainability/sustainability-cost-optimization-recommendations#reduce-structural-waste-in-the-application-layer,Prioritize algorithm and execution-path improvements in the code that dominates runtime cost to reduce baseline CPU and memory consumption where it matters most.,"The framing here is about where effort pays off most: optimizing code that dominates runtime cost moves the baseline resource consumption meaningfully, while the same effort spent on rarely-executed code paths barely registers."
MA.COST.9,"Cache responses that are repeated, predictable, or expensive to regenerate",Cost Optimization,https://learn.microsoft.com/en-us/azure/well-architected/sustainability/sustainability-cost-optimization-recommendations#reduce-structural-waste-in-the-application-layer,"Cache responses that are repeated, predictable, or expensive to regenerate, preventing recomputation of work that adds no value.",This is one of the concrete fixes to the chatty-API anti-pattern named elsewhere in this source: caching is what stops the same expensive computation from being repeated for what is effectively the same request.
MA.COST.10,Be cautious about adding abstraction in performance-critical paths,Cost Optimization,https://learn.microsoft.com/en-us/azure/well-architected/sustainability/sustainability-cost-optimization-recommendations#reduce-structural-waste-in-the-application-layer,"Be cautious about adding abstraction in performance-critical paths, since it limits execution overhead and coordination cost in hot paths.","Azure's specific caution: abstraction is generally good practice, but layered onto a performance-critical path it adds execution overhead and coordination cost exactly where that cost matters most — this isn't an argument against abstraction generally, just against it unexamined in hot paths."
MA.COST.11,Choose monolith or microservices based on real scaling and isolation needs,Cost Optimization,https://learn.microsoft.com/en-us/azure/well-architected/sustainability/sustainability-cost-optimization-recommendations#reduce-structural-waste-in-the-application-layer,"Choose monolith or microservices architecture based on real scaling and isolation needs, avoiding distributed-system overhead that doesn't improve outcomes.","This echoes the chatty-microservices anti-pattern described elsewhere in this source directly: choosing microservices because it's the more modern-sounding architecture, rather than because the workload genuinely has independent scaling or isolation needs, is exactly what introduces that unnecessary distributed-system overhead."
MA.COST.12,Evaluate SSR and CSR choices against their total compute and transfer footprint,Cost Optimization,https://learn.microsoft.com/en-us/azure/well-architected/sustainability/sustainability-cost-optimization-recommendations#reduce-structural-waste-in-the-application-layer,Evaluate server-side versus client-side rendering choices against their total compute and transfer footprint to reduce redundant rendering and data movement.,"Azure frames this as needing the full picture rather than a default preference: server-side rendering reduces client-device burden but adds server compute, while client-side rendering does the reverse — the actual total compute-plus-transfer footprint is what should decide it, not a blanket rule."
MA.COST.13,Remove cross-service data duplication and redundant domain models where possible,Cost Optimization,https://learn.microsoft.com/en-us/azure/well-architected/sustainability/sustainability-cost-optimization-recommendations#reduce-structural-waste-in-the-application-layer,Remove cross-service data duplication and redundant domain models where possible to limit storage growth and compute amplification.,This is the storage-and-compute-amplification counterpart to the chatty-API problem named elsewhere in this source: the same data copied across multiple services' domain models costs both the extra storage and the extra compute of keeping every copy in sync.
MA.COST.14,Auto-scale workloads against observed demand rather than assumed peak usage,Cost Optimization,https://learn.microsoft.com/en-us/azure/well-architected/sustainability/sustainability-cost-optimization-recommendations#reduce-idle-and-baseline-platform-waste,Auto-scale workloads against observed demand rather than assumed peak usage to reduce persistent overprovisioning and idle capacity.,"Azure's framing: capacity is often sized for the peak load a team assumes might happen rather than what actually gets observed, which is exactly the gap between provisioned capacity and real demand that this pattern is meant to close."
MA.COST.15,Shut down or downsize non-production environments when they are not needed,Cost Optimization,https://learn.microsoft.com/en-us/azure/well-architected/sustainability/sustainability-cost-optimization-recommendations#reduce-idle-and-baseline-platform-waste,Shut down or downsize non-production environments when they aren't needed to remove baseline consumption that delivers no business value.,Azure's concrete illustration: development and test environments often mirror production sizing while running at only a fraction of production's actual utilization — a mismatch that persists invisibly because the environment still appears healthy and working.
MA.COST.16,Remove orphaned and zombie resources on a regular cadence,Cost Optimization,https://learn.microsoft.com/en-us/azure/well-architected/sustainability/sustainability-cost-optimization-recommendations#reduce-idle-and-baseline-platform-waste,Remove orphaned and zombie resources on a regular cadence to prevent silent cost accumulation from forgotten infrastructure.,"The word Azure uses is ""accumulation"": this waste doesn't come from one bad decision but from forgotten infrastructure quietly piling up over time, which is why the guideline specifies a regular cadence rather than a one-time cleanup."
MA.COST.17,Match platform tiers and reservations to actual usage patterns,Cost Optimization,https://learn.microsoft.com/en-us/azure/well-architected/sustainability/sustainability-cost-optimization-recommendations#reduce-idle-and-baseline-platform-waste,Match platform tiers and reservations to actual usage patterns to avoid paying for oversized infrastructure by default.,This is about a decision made once at setup and then left untouched: platform tier and reservation choices tend to get fixed early and rarely revisited even as actual usage patterns shift well away from what was originally provisioned for.
MA.COST.18,"Favor containers, PaaS, or serverless when they fit the workload",Cost Optimization,https://learn.microsoft.com/en-us/azure/well-architected/sustainability/sustainability-cost-optimization-recommendations#reduce-idle-and-baseline-platform-waste,"Favor containers, PaaS, or serverless options when they fit the workload, improving utilization through more efficient shared platform capacity.","Azure's underlying reasoning: these options rely on shared platform capacity rather than infrastructure dedicated to one workload, so they tend to achieve better utilization by pooling demand across many tenants instead of each workload carrying its own idle headroom."
MA.COST.19,Use Spot VMs only where interruption is acceptable and recovery is understood,Cost Optimization,https://learn.microsoft.com/en-us/azure/well-architected/sustainability/sustainability-cost-optimization-recommendations#reduce-idle-and-baseline-platform-waste,"Use Spot VMs only where interruption is acceptable and recovery is well understood, using spare capacity efficiently without added operational risk.","The same tradeoff named for Spot VMs elsewhere in this source applies here from the cost angle too: spare capacity is genuinely cheaper to use, but only where the workload's tolerance for interruption and its recovery path are both well understood ahead of time."
MA.COST.20,"Optimize CI/CD pipelines with caching, reuse, and incremental builds",Cost Optimization,https://learn.microsoft.com/en-us/azure/well-architected/sustainability/sustainability-cost-optimization-recommendations#reduce-idle-and-baseline-platform-waste,"Optimize CI/CD pipelines with caching, reuse, and incremental builds to cut redundant compute execution in engineering workflows.","Azure gives an explicit tradeoff here: caching reduces redundant compute execution, but it adds its own storage requirement and needs a cache-invalidation strategy — a poorly managed cache can produce stale build outputs, so the efficiency gain has to be balanced against that reliability risk."
MA.COST.21,Consider lower-carbon regions as part of workload placement decisions,Cost Optimization,https://learn.microsoft.com/en-us/azure/well-architected/sustainability/sustainability-cost-optimization-recommendations#use-geography-and-timing-deliberately,Factor lower-carbon regions into workload placement decisions to reduce emissions per unit of compute when other requirements still hold.,"Azure frames this as one factor among several, not an override: it's meant to be considered ""as part of"" placement decisions specifically when other requirements — compliance, latency, cost — still hold, not as the deciding factor on its own."
MA.COST.22,Schedule batch workloads to take advantage of lower-carbon or lower-cost periods,Cost Optimization,https://learn.microsoft.com/en-us/azure/well-architected/sustainability/sustainability-cost-optimization-recommendations#use-geography-and-timing-deliberately,"Schedule batch workloads to run during lower-carbon or lower-cost periods, aligning flexible compute with cleaner operating windows.","Azure's contrasting anti-pattern: batch processes that run on rigid, fixed schedules simply because that's operationally convenient, missing the opportunity to align with periods when the grid (or pricing) happens to be more favorable."
MA.COST.23,Place workloads closer to users when latency and transfer patterns justify it,Cost Optimization,https://learn.microsoft.com/en-us/azure/well-architected/sustainability/sustainability-cost-optimization-recommendations#use-geography-and-timing-deliberately,"Place workloads closer to users when latency and transfer patterns justify it, reducing network distance and unnecessary transfer cost.","This is scoped deliberately, not universal: Azure specifies ""when latency and transfer patterns justify it,"" since moving a workload closer to users only pays off if enough of its traffic and data movement pattern actually depends on that proximity."
MA.COST.24,Avoid cross-region routing and replication that do not serve a clear workload need,Cost Optimization,https://learn.microsoft.com/en-us/azure/well-architected/sustainability/sustainability-cost-optimization-recommendations#use-geography-and-timing-deliberately,"Avoid cross-region routing and replication that don't serve a clear workload need, lowering network overhead and duplicated infrastructure activity.","Azure's illustrative anti-pattern: globally replicated deployments used by default even when actual demand is concentrated in a small set of regions, which introduces cross-region traffic and data movement that never gets used by real user demand."
MA.COST.25,Reassess regional deployment choices against actual usage over time,Cost Optimization,https://learn.microsoft.com/en-us/azure/well-architected/sustainability/sustainability-cost-optimization-recommendations#use-geography-and-timing-deliberately,Periodically reassess regional deployment choices against actual usage to prevent static placement decisions from becoming long-term inefficiencies.,"This closes the loop on regional placement decisions made elsewhere in this source: a region choice that was correct when user distribution and pricing looked one way can become a static, unexamined inefficiency once those conditions shift, which is why Azure frames this as a periodic reassessment rather than a one-time decision."
MA.COST.26,Use CDNs for content that is requested repeatedly at scale,Cost Optimization,https://learn.microsoft.com/en-us/azure/well-architected/sustainability/sustainability-cost-optimization-recommendations#limit-delivery-path-amplification,Use CDNs for content requested repeatedly at scale to reduce origin compute demand and repeated network delivery.,"Azure's framing: network cost is often underestimated because it's spread across many small interactions instead of concentrated in one obvious place — a CDN is specifically valuable for content requested at scale, where the same origin computation would otherwise repeat for every single request."
MA.COST.27,Compress payloads and choose transfer formats with care,Cost Optimization,https://learn.microsoft.com/en-us/azure/well-architected/sustainability/sustainability-cost-optimization-recommendations#limit-delivery-path-amplification,Compress payloads and choose transfer formats carefully to lower bandwidth consumption without changing business outcomes.,"This is scoped as ""without changing business outcomes"": the point is that compression and format choice are close to a pure efficiency win, with no functional tradeoff for the end user, unlike some of the other guidelines in this source that involve a genuine cost/benefit balance."
MA.COST.28,Reduce cross-service chaining and fan-out from a single user action,Cost Optimization,https://learn.microsoft.com/en-us/azure/well-architected/sustainability/sustainability-cost-optimization-recommendations#limit-delivery-path-amplification,Reduce cross-service chaining and fan-out triggered by a single user action to prevent request amplification from multiplying backend work.,"Azure's concrete illustration: a frontend that repeatedly fetches overlapping datasets across multiple components, where a single user action multiplies into several backend calls and repeated data transfers without actually improving what the user experiences."
MA.COST.29,Keep traffic within regional boundaries when the architecture allows it,Cost Optimization,https://learn.microsoft.com/en-us/azure/well-architected/sustainability/sustainability-cost-optimization-recommendations#limit-delivery-path-amplification,"Keep traffic within regional boundaries when the architecture allows it, avoiding expensive and unnecessary cross-region routing.","This is the network-level analogue to keeping dependent resources co-located: even when workloads are correctly placed near users, traffic that unnecessarily crosses regional boundaries mid-request still pays the cross-region routing cost this pattern is meant to avoid."
MA.COST.30,Place workloads near users when delivery patterns make that worthwhile,Cost Optimization,https://learn.microsoft.com/en-us/azure/well-architected/sustainability/sustainability-cost-optimization-recommendations#limit-delivery-path-amplification,"Place workloads near users when delivery patterns make it worthwhile, minimizing transfer distance and helping control latency-related overhead.","Distinct from the broader regional-placement guideline elsewhere in this source: this one is scoped specifically to delivery patterns — content and workloads whose value is mostly about proximity to where it's being consumed, rather than placement driven by compliance or cost."
MA.COST.31,Centralize media processing when the same transformations would otherwise be repeated,Cost Optimization,https://learn.microsoft.com/en-us/azure/well-architected/sustainability/sustainability-cost-optimization-recommendations#limit-delivery-path-amplification,"Centralize media processing when the same transformations would otherwise be repeated, reducing duplicated encoding and transformation work.","Azure's specific waste target: the same media transformation (resizing, transcoding, format conversion) being independently repeated by multiple services or requests, when centralizing that processing means it happens once and the result gets reused."
MA.COST.32,Match storage tiers to how often data is actually accessed,Cost Optimization,https://learn.microsoft.com/en-us/azure/well-architected/sustainability/sustainability-cost-optimization-recommendations#control-storage-growth-over-time,Match storage tiers to how often data is actually accessed to reduce infrastructure cost tied to over-served data.,"Azure's framing is explicitly about avoidable cost: infrastructure cost ""tied to over-served data"" — keeping infrequently accessed data in a tier built for frequent access is paying for a capability that specific data doesn't actually need."
MA.COST.33,"Remove stale, redundant, or low-value data on purpose",Cost Optimization,https://learn.microsoft.com/en-us/azure/well-architected/sustainability/sustainability-cost-optimization-recommendations#control-storage-growth-over-time,"Actively remove stale, redundant, or low-value data to lower the long-term storage footprint without reducing useful capability.","The specific dynamic Azure names for storage broadly: deletion requires deliberate effort while retention is passive, so storage tends to grow regardless of actual business value unless someone actively works against that default."
MA.COST.34,Control logging and telemetry growth before retention becomes passive sprawl,Cost Optimization,https://learn.microsoft.com/en-us/azure/well-architected/sustainability/sustainability-cost-optimization-recommendations#control-storage-growth-over-time,"Control logging and telemetry growth before retention becomes passive sprawl, preventing ingestion and storage costs from outpacing their value.","This is the storage-side counterpart to treating observability spend as part of the optimization scope (a related guideline): logs and telemetry are exactly the kind of data that accumulates passively and becomes ""sprawl"" if nobody is actively managing its retention."
MA.COST.35,Avoid duplicating datasets across services unless there is a clear reason,Cost Optimization,https://learn.microsoft.com/en-us/azure/well-architected/sustainability/sustainability-cost-optimization-recommendations#control-storage-growth-over-time,"Avoid duplicating datasets across services unless there's a clear reason, reducing storage growth and repeated processing of the same data.","Azure frames the usual justification — convenience — directly: the same dataset gets copied across services or pipelines because it's easier than coordinating shared access, which is precisely the kind of ""clear reason"" this guideline asks you to require before duplicating."
MA.COST.36,Review backup retention policies against actual recovery requirements,Cost Optimization,https://learn.microsoft.com/en-us/azure/well-architected/sustainability/sustainability-cost-optimization-recommendations#control-storage-growth-over-time,Review backup retention policies against actual recovery requirements to eliminate redundant long-term storage that doesn't improve resilience.,"Azure's framing: unmanaged backup recovery points can ""silently accumulate"" over time, growing storage footprint without a proportional increase in actual resilience — the fix is reviewing retention against what recovery genuinely requires, not against what's simply been kept by default."
MA.COST.37,Compress stored data where the tradeoff is favorable,Cost Optimization,https://learn.microsoft.com/en-us/azure/well-architected/sustainability/sustainability-cost-optimization-recommendations#control-storage-growth-over-time,Compress stored data where the tradeoff is favorable to reduce storage footprint and transfer volume with limited downside.,"The qualifier ""where the tradeoff is favorable"" matters here: compression reduces storage footprint but costs compute to compress and decompress, so this is explicitly conditional rather than a blanket recommendation to compress everything."
MA.COST.38,Scale CI/CD resources dynamically instead of keeping capacity always available,Cost Optimization,https://learn.microsoft.com/en-us/azure/well-architected/sustainability/sustainability-cost-optimization-recommendations#keep-engineering-workflows-proportionate,"Scale CI/CD resources dynamically instead of keeping capacity always available, preventing idle compute waste between engineering events.","Azure's framing: CI/CD capacity that's kept always-available regardless of actual pipeline activity is idle compute sitting between engineering events — the fix is scaling that capacity to match when builds and tests are actually running, not provisioning for constant readiness."
MA.COST.39,Cache build artifacts aggressively where reuse is reliable,Cost Optimization,https://learn.microsoft.com/en-us/azure/well-architected/sustainability/sustainability-cost-optimization-recommendations#keep-engineering-workflows-proportionate,Cache build artifacts aggressively where reuse is reliable to avoid repeated computation for unchanged inputs.,This directly targets a named anti-pattern in this source: pipelines treated as fixed workflows that rebuild everything from scratch even when the relevant inputs haven't actually changed since the last run.
MA.COST.40,Run tests for changed components when full-suite execution is not necessary,Cost Optimization,https://learn.microsoft.com/en-us/azure/well-architected/sustainability/sustainability-cost-optimization-recommendations#keep-engineering-workflows-proportionate,"Run tests only for changed components when full-suite execution isn't necessary, reducing compute spent on validation that adds little signal.","Azure frames this in terms of signal, not just speed: full-suite execution on every change adds compute cost while often ""adding little signal"" beyond what testing just the changed components would already reveal."
MA.COST.41,Introduce incremental build strategies where tooling supports them well,Cost Optimization,https://learn.microsoft.com/en-us/azure/well-architected/sustainability/sustainability-cost-optimization-recommendations#keep-engineering-workflows-proportionate,"Introduce incremental build strategies where tooling supports them well, limiting unnecessary full-system recomputation.","This is the build-side counterpart to targeted test execution named elsewhere in this source: rebuilding the whole system when only a small part changed is the same kind of unnecessary full-system recomputation, just at the build step rather than the test step."
MA.COST.42,Remove redundant pipeline stages and duplicate checks,Cost Optimization,https://learn.microsoft.com/en-us/azure/well-architected/sustainability/sustainability-cost-optimization-recommendations#keep-engineering-workflows-proportionate,Remove redundant pipeline stages and duplicate checks to lower the total compute footprint of delivery workflows.,"Azure frames pipelines as accumulating redundancy over time much like storage does: stages and checks get added incrementally as the pipeline evolves, and without periodic review, duplicate or overlapping checks tend to persist even once they stop adding distinct value."
MA.COST.43,Avoid always-on full-suite testing when risk does not justify it,Cost Optimization,https://learn.microsoft.com/en-us/azure/well-architected/sustainability/sustainability-cost-optimization-recommendations#keep-engineering-workflows-proportionate,"Avoid always-on full-suite testing when the risk doesn't justify it, reducing baseline CI/CD cost without losing meaningful validation.","This is the summary practice tying together the CI/CD guidelines in this source: matching testing intensity to actual risk, rather than running the maximum validation on every single change regardless of how much risk that particular change actually carries."
MA.OPEX.1,Establish a baseline of current carbon emissions for all workloads and services,Operational Excellence,https://learn.microsoft.com/en-us/azure/well-architected/sustainability/sustainability-operational-excellence-recommendations#monitor-and-measure-sustainability,Establish a baseline of current carbon emissions across workloads and services to provide a reference point for measuring improvement over time.,"Azure frames this as the prerequisite for everything else in this section: without an established emissions baseline, later claims about carbon reduction have nothing concrete to measure improvement against."
MA.OPEX.2,Use emissions monitoring tools such as the Azure Carbon Optimizer to track environmental impact,Operational Excellence,https://learn.microsoft.com/en-us/azure/well-architected/sustainability/sustainability-operational-excellence-recommendations#monitor-and-measure-sustainability,Use emissions monitoring tools such as the Azure Carbon Optimizer to enable data-driven decisions and identify the largest sources of emissions.,"Azure names its own concrete tool for this: the Azure Carbon Optimizer, which is presented as the practical way to get the data-driven visibility needed to identify the largest sources of emissions rather than estimating them indirectly."
MA.OPEX.3,Define carbon reduction targets for the workload and individual workload components,Operational Excellence,https://learn.microsoft.com/en-us/azure/well-architected/sustainability/sustainability-operational-excellence-recommendations#monitor-and-measure-sustainability,Define carbon reduction targets for the workload and its individual components to create clear objectives and drive accountability.,"Azure specifies this at two levels: targets for the workload overall and for its individual components separately, so accountability for a reduction goal can be traced to the specific part of the system responsible rather than only tracked in aggregate."
MA.OPEX.4,Track sustainability using a combination of factors and a measurable metric such as an SCI score,Operational Excellence,https://learn.microsoft.com/en-us/azure/well-architected/sustainability/sustainability-operational-excellence-recommendations#monitor-and-measure-sustainability,"Track sustainability through a combination of performance, carbon emissions, and cost proxies, developing a measurable metric (such as a Software Carbon Intensity score) and SLOs/SLAs to give a holistic view of workload efficiency.","Azure specifically names the Software Carbon Intensity (SCI) score — maintained by the Green Software Foundation — as a measurable metric to adopt here, tracked alongside existing SLOs and SLAs so carbon sits next to the performance indicators a team already reports on."
MA.OPEX.5,Record and assess the impact of all sustainability-related changes and optimizations,Operational Excellence,https://learn.microsoft.com/en-us/azure/well-architected/sustainability/sustainability-operational-excellence-recommendations#monitor-and-measure-sustainability,Record and assess the impact of every sustainability-related change to build an evidence-based view of the most effective reduction strategies.,"This is what turns sustainability optimization from guesswork into an evidence-based practice: without recording the before/after impact of each change, it's hard to tell which optimizations are actually working and which just sounded reasonable."
MA.OPEX.6,Follow organizational governance to enforce sustainability outcomes in workload teams,Operational Excellence,https://learn.microsoft.com/en-us/azure/well-architected/sustainability/sustainability-operational-excellence-recommendations#use-policy-to-drive-behavior-to-support-sustainability,"Follow organizational governance to enforce sustainability outcomes across workload teams, establishing consistent practices and reducing variability.","Azure's stated risk if this is skipped: sustainability objectives ""applied inconsistently across workloads, subscriptions, and teams"" — governance is what turns a good intention into something reliably applied everywhere rather than only where an individual team happens to care."
MA.OPEX.7,Use existing cost governance controls and policies as part of sustainability initiatives,Operational Excellence,https://learn.microsoft.com/en-us/azure/well-architected/sustainability/sustainability-operational-excellence-recommendations#use-policy-to-drive-behavior-to-support-sustainability,Reuse existing cost governance controls and policies as part of sustainability initiatives to reduce unnecessary resource consumption and lower emissions.,"The practical efficiency here is about not duplicating effort: cost governance already targets oversized and underutilized resources for financial reasons, and that same enforcement mechanism reduces the associated emissions as a direct side effect."
MA.OPEX.8,Utilize built-in Azure Policy controls to enforce efficient resource configurations and operational standards,Operational Excellence,https://learn.microsoft.com/en-us/azure/well-architected/sustainability/sustainability-operational-excellence-recommendations#use-policy-to-drive-behavior-to-support-sustainability,"Use built-in Azure Policy controls to enforce efficient resource configurations and operational standards, promoting ongoing cloud efficiency.","Azure gives concrete examples of what policy-based controls can enforce: restricting oversized resources, requiring lifecycle management, mandating tags for sustainability reporting, blocking non-approved architectures, and steering toward efficient service selections."
MA.OPEX.9,Create a dedicated sustainability-focused Azure Policy initiative,Operational Excellence,https://learn.microsoft.com/en-us/azure/well-architected/sustainability/sustainability-operational-excellence-recommendations#use-policy-to-drive-behavior-to-support-sustainability,"Create a dedicated sustainability-focused Azure Policy initiative to embed sustainability into workload design, deployment, and operations.","Azure's specific suggestion: create a distinct Azure Policy initiative named for sustainability specifically, rather than folding sustainability rules loosely into existing general-purpose policy sets where they're easy to overlook or deprioritize."
MA.OPEX.10,"Implement data lifecycle management policies to ensure only necessary data is collected, retained, and processed",Operational Excellence,https://learn.microsoft.com/en-us/azure/well-architected/sustainability/sustainability-operational-excellence-recommendations#use-policy-to-drive-behavior-to-support-sustainability,"Implement data lifecycle management policies (for example, using Microsoft Purview for classification and retention, and Azure Monitor Data Collection Rules to control telemetry) so only necessary data is collected and retained, reducing storage, transfer, and processing overhead.","Azure names two concrete tools for this: Microsoft Purview to classify data and apply retention rules that automatically delete it after a defined period, and Azure Monitor Data Collection Rules to control what telemetry actually gets collected, transformed, and routed in the first place."
MA.OPEX.11,Regularly review policy compliance and identify opportunities for further optimization,Operational Excellence,https://learn.microsoft.com/en-us/azure/well-architected/sustainability/sustainability-operational-excellence-recommendations#use-policy-to-drive-behavior-to-support-sustainability,Regularly review policy compliance and look for further optimization opportunities to sustain long-term efficiency gains.,"This closes the loop on the policy-based controls named elsewhere in this source: policies only stay effective if compliance against them gets checked regularly, rather than assumed to hold once they're initially put in place."
MA.OPEX.12,Establish a sustainability community or center of excellence responsible for promoting cloud efficiency and green software practices,Operational Excellence,https://learn.microsoft.com/en-us/azure/well-architected/sustainability/sustainability-operational-excellence-recommendations#build-culture-around-sustainability,Establish a sustainability community or center of excellence to create organizational ownership and consistently drive green software practices.,"Azure's named risk if this doesn't exist: sustainability knowledge and accountability concentrated in a small group of specialists, where valuable lessons and successful practices stay isolated within individual teams instead of spreading across the organization."
MA.OPEX.13,"Provide ongoing sustainability and green software training for architects, developers, and operations teams",Operational Excellence,https://learn.microsoft.com/en-us/azure/well-architected/sustainability/sustainability-operational-excellence-recommendations#build-culture-around-sustainability,"Provide ongoing sustainability and green software training for architects, developers, and operations teams to improve environmentally responsible decision-making.","Azure scopes this across three distinct roles rather than one generic training: architects, developers, and operations teams each make different day-to-day decisions that affect sustainability, so each needs training relevant to their own specific decisions."
MA.OPEX.14,"Define sustainability policies, targets, and expectations, and communicate them regularly across the organization",Operational Excellence,https://learn.microsoft.com/en-us/azure/well-architected/sustainability/sustainability-operational-excellence-recommendations#build-culture-around-sustainability,"Define sustainability policies, targets, and expectations, and communicate them regularly to align teams around common objectives.","Azure's stated risk if sustainability goals aren't clearly communicated and measured: they get perceived as secondary to other business priorities, and end up inconsistently incorporated into planning and design decisions over time."
MA.OPEX.15,"Create a centralized repository for sustainability guidance, best practices, and lessons learned",Operational Excellence,https://learn.microsoft.com/en-us/azure/well-architected/sustainability/sustainability-operational-excellence-recommendations#build-culture-around-sustainability,Create a centralized repository of sustainability guidance and lessons learned to accelerate adoption and reduce duplicated effort.,"The efficiency case here is specifically about avoiding duplicated effort: without a shared repository, different teams tend to independently rediscover the same optimization approaches rather than building on what another team already learned."
MA.OPEX.16,"Encourage regular knowledge-sharing sessions, workshops, or internal webinars focused on sustainability",Operational Excellence,https://learn.microsoft.com/en-us/azure/well-architected/sustainability/sustainability-operational-excellence-recommendations#build-culture-around-sustainability,Encourage regular knowledge-sharing sessions or webinars on sustainability to promote continuous learning and scale successful initiatives.,"This is the recurring, ongoing counterpart to the one-time training guideline elsewhere in this source: sustainability practice evolves, so continuous knowledge-sharing is what keeps successful initiatives spreading across teams rather than staying confined to wherever they originated."
MA.OPEX.17,"Include sustainability metrics and objectives as part of workload governance, performance reviews, or KPIs",Operational Excellence,https://learn.microsoft.com/en-us/azure/well-architected/sustainability/sustainability-operational-excellence-recommendations#build-culture-around-sustainability,"Include sustainability metrics and objectives in workload governance, performance reviews, or KPIs to embed them into decision-making.","Azure's framing: folding sustainability into performance reviews and KPIs is what embeds it into actual decision-making, as opposed to being tracked on a separate dashboard that influences nothing about how teams are actually evaluated."
MA.OPEX.18,"Recognize and reward teams that achieve sustainability goals through incentives, gamification, or certifications",Operational Excellence,https://learn.microsoft.com/en-us/azure/well-architected/sustainability/sustainability-operational-excellence-recommendations#build-culture-around-sustainability,"Recognize and reward teams that achieve sustainability goals through incentives, gamification, or certifications to encourage continued participation.","Azure names specific mechanisms for this: incentives, gamification, and formal sustainability certifications or badges — concrete recognition rather than a generic acknowledgment, meant to actively encourage continued participation rather than just applaud a single achievement."
MA.OPEX.19,Promote carbon-aware and carbon-optimized application design practices across all workload teams,Operational Excellence,https://learn.microsoft.com/en-us/azure/well-architected/sustainability/sustainability-operational-excellence-recommendations#build-culture-around-sustainability,Promote carbon-aware and carbon-optimized application design practices across all workload teams to reduce emissions over time.,"This is the summary practice for the whole Operational Excellence section: baselines, targets, governance, and training all ultimately exist to support carbon-aware design decisions becoming standard practice across every workload team, not just the ones that started the initiative."
MA.PERF.1,"Optimize API communication patterns by reducing chatty interactions, minimizing payload sizes, and using efficient message encoding techniques",Performance Efficiency,https://learn.microsoft.com/en-us/azure/well-architected/sustainability/sustainability-performance-efficiency-recommendations#improve-application-efficiency,"Optimize API communication by reducing chatty interactions, minimizing payload size, and using efficient encoding to cut network traffic and energy use.","Azure points to its own documented feature for this specifically: ""Environmentally sustainable APIs in Azure API Management,"" treating efficient API design as something the platform itself has built-in support for rather than purely an application-level discipline."
MA.PERF.2,Implement request throttling and response caching by using services such as Azure API Management,Performance Efficiency,https://learn.microsoft.com/en-us/azure/well-architected/sustainability/sustainability-performance-efficiency-recommendations#improve-application-efficiency,Implement request throttling and response caching (for example with Azure API Management) to prevent unnecessary and repeated backend processing.,"Azure API Management is named as the concrete service for this — the same platform referenced for sustainable API design elsewhere in this source, now specifically for its request-throttling and response-caching capabilities."
MA.PERF.3,Monitor API usage patterns and continuously optimize high-volume or inefficient endpoints,Performance Efficiency,https://learn.microsoft.com/en-us/azure/well-architected/sustainability/sustainability-performance-efficiency-recommendations#improve-application-efficiency,Monitor API usage patterns and continuously optimize high-volume or inefficient endpoints to reduce resource utilization and carbon footprint.,"This is meant as an ongoing practice rather than a one-time audit: usage patterns shift as an application evolves, so a previously-efficient endpoint can become the highest-volume or least-efficient one over time without anyone noticing unless it's actively monitored."
MA.PERF.4,"Evaluate rendering strategies and select server-side or client-side rendering based on user device capabilities, network conditions, and workload requirements",Performance Efficiency,https://learn.microsoft.com/en-us/azure/well-architected/sustainability/sustainability-performance-efficiency-recommendations#improve-application-efficiency,"Choose server-side or client-side rendering based on device capabilities, network conditions, and workload needs to optimize compute utilization across client and server.","Azure lays out the actual tradeoff rather than favoring one approach: server-side rendering shifts processing burden off end-user devices and benefits from centralized caching and efficient infrastructure, while client-side rendering shifts load off the server and can take advantage of modern device capabilities and browser caching instead."
MA.PERF.5,"Leverage caching mechanisms, whether centralized on the server or within the browser, to minimize repeated rendering and data processing operations",Performance Efficiency,https://learn.microsoft.com/en-us/azure/well-architected/sustainability/sustainability-performance-efficiency-recommendations#improve-application-efficiency,"Use server-side or browser caching to minimize repeated rendering and data processing, reducing compute and network resource use.","This is the concrete mechanism that makes the SSR-vs-CSR choice less costly either way: whichever rendering strategy is chosen, caching is what prevents the same rendering or data-processing work from being repeated for requests that would produce an identical result."
MA.PERF.6,"Design lightweight and efficient user interfaces by minimizing unnecessary components, pages, and media assets",Performance Efficiency,https://learn.microsoft.com/en-us/azure/well-architected/sustainability/sustainability-performance-efficiency-recommendations#improve-application-efficiency,"Design lightweight, efficient user interfaces with minimal unnecessary components and media assets to reduce network traffic and compute use.","Azure frames UI design choices as having ""a significant impact"" on sustainability specifically: complex interfaces, large media assets, and excessive page content all increase network traffic and processing on both the client and server side, not just one or the other."
MA.PERF.7,"Optimize content delivery by using appropriately sized images and videos, avoiding unnecessary asset downloads, and leveraging system fonts where practical",Performance Efficiency,https://learn.microsoft.com/en-us/azure/well-architected/sustainability/sustainability-performance-efficiency-recommendations#improve-application-efficiency,"Optimize content delivery with appropriately sized media, avoid unnecessary asset downloads, and use system fonts where practical to lower bandwidth and client-side processing.",This is one of the concrete techniques behind the broader lightweight-UI guideline named elsewhere in this source — appropriately sized images/videos and system fonts specifically target bandwidth and client-side processing rather than the interface's structural complexity.
MA.PERF.8,"Improve user navigation and findability, and consider offering resource-efficient experiences such as simplified interfaces or dark mode options",Performance Efficiency,https://learn.microsoft.com/en-us/azure/well-architected/sustainability/sustainability-performance-efficiency-recommendations#improve-application-efficiency,"Improve navigation and findability, and consider resource-efficient experiences such as simplified interfaces or dark mode, to reduce unnecessary data retrieval and energy use.","Azure frames the user-experience angle specifically here: better navigation reduces the number of page loads and data retrievals a user needs to accomplish a task, while options like dark mode are named as resource-efficient experience choices in their own right."
MA.PERF.9,"Profile workloads to understand concurrency patterns, resource utilization, and opportunities for performance optimization or parallelization",Performance Efficiency,https://learn.microsoft.com/en-us/azure/well-architected/sustainability/sustainability-performance-efficiency-recommendations#optimize-compute-resources,"Profile workloads to understand concurrency and resource utilization, uncovering opportunities for optimization or parallelization that improve compute efficiency.","Azure's stated risk if this step is skipped: without measuring how an application actually consumes CPU, memory, and processing capacity, a team ""might unknowingly deploy inefficient code or underutilize available infrastructure"" without ever finding out."
MA.PERF.10,"Evaluate specialized compute options, such as GPU-based resources, where they provide efficiency gains",Performance Efficiency,https://learn.microsoft.com/en-us/azure/well-architected/sustainability/sustainability-performance-efficiency-recommendations#optimize-compute-resources,"Evaluate specialized compute options such as GPUs where they provide genuine efficiency gains, balancing performance benefit against higher operational cost.","Azure names an explicit tradeoff here: GPU-based resources can meaningfully improve efficiency for machine learning and highly parallel workloads, but they typically cost more to operate than CPU-based alternatives — the recommendation is to verify the performance benefit actually justifies that added expense, not to default to GPUs generally."
MA.PERF.11,"Establish CPU and memory baselines and incorporate sustainability-focused testing, monitoring, alerts, and quality gates into deployment pipelines",Performance Efficiency,https://learn.microsoft.com/en-us/azure/well-architected/sustainability/sustainability-performance-efficiency-recommendations#optimize-compute-resources,"Establish CPU and memory baselines and build sustainability-focused testing, monitoring, and quality gates into deployment pipelines to catch inefficient code before production.","Azure's stated purpose: catching inefficient code and excessive resource consumption before it reaches production, using quality gates the same way a team would gate on test coverage or security scanning — inefficiency becomes something a deployment pipeline can actually block, not just something noticed after the fact."
MA.PERF.12,"Use content delivery networks (CDNs), caching strategies, including in-memory caching where appropriate, and data compression techniques to reduce network traffic and optimize content delivery",Performance Efficiency,https://learn.microsoft.com/en-us/azure/well-architected/sustainability/sustainability-performance-efficiency-recommendations#reduce-network-traversal,"Use CDNs, caching strategies (including in-memory caching), and data compression to reduce network traffic and optimize content delivery.","Azure names an explicit tradeoff for this whole category: caching and compression genuinely reduce bandwidth, but they can require additional compute, memory, or storage resources of their own — tuning retention and compression strategy is about balancing those two costs against each other, not assuming the network savings are free."
MA.PERF.13,Deploy workloads and content closer to users and keep dependent resources within the same cloud and region where practical,Performance Efficiency,https://learn.microsoft.com/en-us/azure/well-architected/sustainability/sustainability-performance-efficiency-recommendations#reduce-network-traversal,"Deploy workloads and content closer to users and keep dependent resources within the same cloud and region where practical, minimizing network traversal.","Azure's framing goes beyond just latency: keeping dependent resources within the same cloud and region also reduces reliance on public internet routing specifically, which is a distinct source of unpredictability and overhead beyond the raw distance data has to travel."
MA.PERF.14,"Regularly review and tune caching configurations, such as cache retention and expiration settings, to maximize efficiency and resource utilization",Performance Efficiency,https://learn.microsoft.com/en-us/azure/well-architected/sustainability/sustainability-performance-efficiency-recommendations#reduce-network-traversal,"Regularly review and tune caching configurations, such as retention and expiration settings, to maximize cache effectiveness and reduce unnecessary data transfer.","This is the maintenance counterpart to setting up caching in the first place: retention and expiration settings that were reasonable when configured can become stale as access patterns shift, so this needs periodic re-tuning rather than a one-time setup."
MA.PERF.15,"Apply storage compression, optimize database queries, and reduce unnecessary data transfer to improve storage efficiency and performance",Performance Efficiency,https://learn.microsoft.com/en-us/azure/well-architected/sustainability/sustainability-performance-efficiency-recommendations#reduce-storage-footprint,"Apply storage compression, optimize database queries, and reduce unnecessary data transfer to lower storage capacity needs and processing overhead.","Azure names a concrete example service for the query-optimization piece specifically: Azure SQL Database, alongside the more general practices of storage compression and reducing unnecessary data transfer."
MA.PERF.16,"Align data with appropriate storage access tiers and lifecycle policies, ensuring frequently accessed data is kept in hot storage while infrequently accessed data is moved to cold or archive storage",Performance Efficiency,https://learn.microsoft.com/en-us/azure/well-architected/sustainability/sustainability-performance-efficiency-recommendations#reduce-storage-footprint,"Align data with appropriate storage tiers and lifecycle policies, keeping hot data readily accessible while moving infrequently used data to cold or archive storage.","Azure's framing is explicitly about energy: keeping frequently accessed data in ""hot"" storage and moving infrequently accessed data to cold or archive tiers reduces energy consumption specifically by matching each dataset's storage cost to how much it's actually used, not just its size."
MA.PERF.17,"Implement and regularly review backup, recovery point, and log retention policies using services such as Azure Backup and Azure Monitor to prevent unnecessary data accumulation",Performance Efficiency,https://learn.microsoft.com/en-us/azure/well-architected/sustainability/sustainability-performance-efficiency-recommendations#reduce-storage-footprint,"Implement and regularly review backup, recovery-point, and log retention policies (for example with Azure Backup and Azure Monitor) to prevent unnecessary long-term data accumulation.","Azure names its own concrete services for this: Azure Backup for backup and recovery-point policies, and Azure Monitor for log retention — both meant to actively prevent the ""unmanaged backup recovery points and excessive log retention"" that can silently accumulate over time."
MA.PERF.18,Review platform and service tier decisions to ensure they align with actual workload demand and resource utilization patterns,Performance Efficiency,https://learn.microsoft.com/en-us/azure/well-architected/sustainability/sustainability-performance-efficiency-recommendations#balance-with-scalability-needs,Review platform and service tier decisions against actual workload demand and utilization patterns to reduce underutilized compute capacity.,"Azure's stated risk if this isn't reviewed: ""selecting higher service tiers for features that aren't fully utilized"" results in idle capacity that still carries a real environmental and operational cost, even though nothing is technically broken or over-provisioned by an obvious margin."
MA.PERF.19,Prefer services and architectures that support dynamic scaling based on demand rather than fixed provisioned capacity,Performance Efficiency,https://learn.microsoft.com/en-us/azure/well-architected/sustainability/sustainability-performance-efficiency-recommendations#balance-with-scalability-needs,"Prefer services and architectures that scale dynamically with demand rather than relying on fixed provisioned capacity, minimizing idle compute.","This is the structural fix to the tier-mismatch problem named elsewhere in this source: fixed provisioned capacity has to be sized for some assumed level of demand, while dynamic scaling architectures only allocate resources when there's actual demand to serve, removing the guesswork entirely."
MA.PERF.20,"Evaluate whether higher-tier services are necessary for required features, and avoid overprovisioning where possible",Performance Efficiency,https://learn.microsoft.com/en-us/azure/well-architected/sustainability/sustainability-performance-efficiency-recommendations#balance-with-scalability-needs,Evaluate whether higher-tier services are truly necessary for required features and avoid overprovisioning where possible.,"Azure names the genuine constraint here directly: sometimes a higher tier really is required to access a specific feature regardless of utilization, so this isn't about always choosing the cheapest tier — it's about verifying the tier is chosen for a feature you actually need, not by default."
MA.PERF.21,Implement caching in CI/CD pipelines to store and reuse build outputs and artifacts between runs when inputs don't change,Performance Efficiency,https://learn.microsoft.com/en-us/azure/well-architected/sustainability/sustainability-performance-efficiency-recommendations#drive-efficiency-in-deployments,"Cache build outputs and artifacts in CI/CD pipelines for reuse between runs when inputs are unchanged, reducing repeated compute cycles.",This is the CI/CD-specific instance of the general caching principle running throughout this source: reusing build outputs when the relevant inputs haven't changed avoids repeating the same compute cycle for what is effectively an identical build.
MA.PERF.22,Use local caching on self-hosted CI/CD agents where possible to minimize network transfers and external data movement,Performance Efficiency,https://learn.microsoft.com/en-us/azure/well-architected/sustainability/sustainability-performance-efficiency-recommendations#drive-efficiency-in-deployments,Use local caching on self-hosted CI/CD agents where possible to minimize network transfers and external data movement.,"Distinct from caching build artifacts generally (a related guideline): this is specifically about where the cache lives — a self-hosted agent with local caching avoids network transfer entirely for cached data, rather than caching to a remote store that still requires a network round-trip to retrieve."
MA.PERF.23,Identify and modernize legacy applications by migrating to modern cloud-native architectures such as serverless or optimized PaaS services,Performance Efficiency,https://learn.microsoft.com/en-us/azure/well-architected/sustainability/sustainability-performance-efficiency-recommendations#use-modern-technology,"Identify and modernize legacy applications by migrating to cloud-native architectures such as serverless or optimized PaaS, improving compute efficiency.","Azure's stated tradeoff: modernization can require significant engineering effort and introduce risk, especially with deprecated systems or tightly coupled dependencies — the efficiency gain from a serverless or optimized PaaS architecture has to be weighed against that real migration cost and risk, not assumed to be automatically worth it."
MA.PERF.24,"Keep platforms, services, and operating systems up to date by using automated update mechanisms such as Azure Automation Update Management",Performance Efficiency,https://learn.microsoft.com/en-us/azure/well-architected/sustainability/sustainability-performance-efficiency-recommendations#use-modern-technology,"Keep platforms, services, and operating systems up to date using automated update mechanisms so workloads benefit from the latest efficiency improvements.","Azure names its own concrete tool for automating this: Azure Automation Update Management, framed as what lets a workload keep benefiting from the latest performance and energy-efficiency improvements in the underlying platform without requiring a manual update process each time."
